44,22,8,Zinnwaldite Brown
0,20,168,Zaffre
154,205,50,Yellow-Green
255,174,66,Yellow Orange
254,254,51,Yellow (Ryb)
255,239,0,Yellow (Process)
255,211,0,Yellow (Ncs)
239,204,0,Yellow (Munsell)
255,255,0,Yellow
15,77,146,Yale Blue
115,134,120,Xanadu
193,154,107,Wood Brown
201,160,220,Wisteria
103,49,71,Wine Dregs
114,47,55,Wine
252,108,133,Wild Watermelon
255,67,164,Wild Strawberry
162,173,208,Wild Blue Yonder
245,245,245,White Smoke
255,255,255,White
245,222,179,Wheat
100,84,82,Wenge
164,244,249,Waterspout
0,66,66,Warm Black
159,0,255,Vivid Violet
255,160,137,Vivid Tangerine
218,29,129,Vivid Cerise
159,29,53,Vivid Burgundy
146,39,36,Vivid Auburn
64,130,109,Viridian
50,74,178,Violet-Blue
238,130,238,Violet (Web)
134,1,175,Violet (Ryb)
127,0,255,Violet (Color Wheel)
143,0,255,Violet
160,32,240,Veronica
217,96,59,Vermilion (Plochere)
227,66,52,Vermilion (Cinnabar)
67,179,174,Verdigris
200,8,21,Venetian Red
197,179,88,Vegas Gold
243,229,171,Vanilla
211,0,63,Utah Crimson
255,204,0,Usc Gold
153,0,0,Usc Cardinal
0,79,152,Usafa Blue
225,173,33,Urobilin
174,32,41,Upsdell Red
123,17,19,Up Maroon
1,68,33,Up Forest Green
255,255,102,Unmellow Yellow
183,135,39,University Of California Gold
91,146,229,United Nations Blue
255,221,202,Unbleached Silk
99,81,71,Umber
65,102,245,Ultramarine Blue
18,10,143,Ultramarine
255,111,255,Ultra Pink
60,208,112,Ufo Green
255,179,0,Ucla Gold
83,104,149,Ucla Blue
136,120,195,Ube
217,0,76,Ua Red
0,51,170,Ua Blue
102,2,60,Tyrian Purple
138,73,107,Twilight Lavender
124,72,72,Tuscan Red
160,214,180,Turquoise Green
0,255,239,Turquoise Blue
48,213,200,Turquoise
181,114,129,Turkish Rose
222,170,136,Tumbleweed
65,125,193,Tufts Blue
0,115,207,True Blue
0,117,94,Tropical Rain Forest
128,128,128,Trolley Grey
253,14,53,Tractor Red
255,200,124,Topaz
116,108,192,Toolbox
255,99,71,Tomato
238,230,0,Titanium Yellow
219,215,210,Timberwolf
224,141,60,Tiger'S Eye
10,186,181,Tiffany Blue
252,137,172,Tickle Me Pink
222,111,161,Thulian Pink
216,191,216,Thistle
226,114,91,Terra Cotta
205,87,0,Tenné (Tawny)
207,52,118,Telemagenta
0,130,127,Teal Green
54,117,136,Teal Blue
0,128,128,Teal
244,194,194,Tea Rose (Rose)
248,131,121,Tea Rose (Orange)
208,240,192,Tea Green
139,133,137,Taupe Gray
72,60,50,Taupe
228,113,122,Tango Pink
255,204,0,Tangerine Yellow
242,133,0,Tangerine
249,77,0,Tangelo
210,180,140,Tan
250,214,165,Sunset
255,204,51,Sunglow
228,217,111,Straw
79,102,106,Stormcloud
153,0,0,Stizza
250,218,94,Stil De Grain Yellow
70,130,180,Steel Blue
35,41,122,St. Patrick'S Blue
0,255,127,Spring Green
167,252,0,Spring Bud
15,192,252,Spiro Disco Ball
255,250,250,Snow
16,12,8,Smoky Black
147,61,65,Smokey Topaz
0,51,153,Smalt (Dark Powder Blue)
112,128,144,Slate Gray
106,90,205,Slate Blue
207,113,175,Sky Magenta
135,206,235,Sky Blue
0,116,116,Skobeloff
203,65,11,Sinopia
192,192,192,Silver
136,45,23,Sienna
255,111,255,Shocking Pink (Crayola)
252,15,192,Shocking Pink
0,158,96,Shamrock Green
138,121,93,Shadow
112,66,20,Sepia
255,186,0,Selective Yellow
255,245,238,Seashell
50,20,20,Seal Brown
46,139,87,Sea Green
0,105,148,Sea Blue
118,255,122,Screamin' Green
255,216,0,School Bus Yellow
253,14,53,Scarlet (Crayola)
255,36,0,Scarlet
203,161,53,Satin Sheen Gold
0,103,165,Sapphire Blue
15,82,186,Sapphire
80,125,42,Sap Green
146,0,10,Sangria
150,113,23,Sandy Taupe
244,164,96,Sandy Brown
236,213,64,Sandstorm
150,113,23,Sand Dune
194,178,128,Sand
255,145,164,Salmon Pink
255,140,105,Salmon
244,196,48,Saffron
255,103,0,Safety Orange (Blaze Orange)
139,69,19,Saddle Brown
0,86,63,Sacramento State Green
218,44,67,Rusty Red
183,65,14,Rust
128,70,27,Russet
168,28,7,Rufous
225,142,150,Ruddy Pink
187,101,40,Ruddy Brown
255,0,40,Ruddy
155,17,30,Ruby Red
224,17,95,Ruby
209,0,86,Rubine Red
250,218,94,Royal Yellow
120,81,169,Royal Purple
202,44,146,Royal Fuchsia
65,105,225,Royal Blue (Web)
0,35,102,Royal Blue (Traditional)
0,56,168,Royal Azure
188,143,143,Rosy Brown
212,0,0,Rosso Corsa
101,0,11,Rosewood
171,78,82,Rose Vale
144,93,93,Rose Taupe
170,152,169,Rose Quartz
255,102,204,Rose Pink
227,38,54,Rose Madder
183,110,121,Rose Gold
103,72,70,Rose Ebony
249,66,158,Rose Bonbon
255,0,127,Rose
0,204,204,Robin Egg Blue
65,72,51,Rifle Green
176,48,96,Rich Maroon
182,102,210,Rich Lilac
167,107,207,Rich Lavender
8,146,208,Rich Electric Blue
215,0,64,Rich Carmine
241,167,254,Rich Brilliant Lavender
0,64,64,Rich Black
0,35,135,Resolution Blue
82,45,128,Regalia
171,78,82,Redwood
199,21,133,Red-Violet
255,83,73,Red-Orange
165,42,42,Red-Brown
134,1,17,Red Devil
254,39,18,Red (Ryb)
237,28,36,Red (Pigment)
196,2,51,Red (Ncs)
242,0,60,Red (Munsell)
255,0,0,Red
227,37,107,Razzmatazz
255,51,204,Razzle Dazzle Rose
130,102,68,Raw Umber
179,68,108,Raspberry Rose
226,80,152,Raspberry Pink
145,95,109,Raspberry Glace
227,11,93,Raspberry
251,171,96,Rajah
255,53,94,Radical Red
93,138,168,Rackley
81,72,79,Quartz
80,64,77,Purple Taupe
254,78,218,Purple Pizzazz
150,120,182,Purple Mountain Majesty
105,53,156,Purple Heart
160,32,240,Purple (X11)
159,0,197,Purple (Munsell)
128,0,128,Purple (Html/Css)
255,117,24,Pumpkin
204,136,153,Puce
223,0,255,Psychedelic Purple
0,49,83,Prussian Blue
112,28,28,Prune
255,143,0,Princeton Orange
176,224,230,Powder Blue (Web)
255,90,54,Portland Orange
221,160,221,Plum (Web)
142,69,133,Plum (Traditional)
229,228,226,Platinum
147,197,114,Pistachio
255,153,102,Pink-Orange
247,143,167,Pink Sherbet
231,172,207,Pink Pearl
255,221,244,Pink Lace
255,192,203,Pink
1,121,111,Pine Green
253,221,230,Piggy Pink
18,53,36,Phthalo Green
0,15,137,Phthalo Blue
223,0,255,Phlox
205,133,63,Peru
236,88,0,Persimmon
254,40,162,Persian Rose
204,51,51,Persian Red
112,28,28,Persian Plum
247,127,190,Persian Pink
217,144,88,Persian Orange
50,18,122,Persian Indigo
0,166,147,Persian Green
28,57,187,Persian Blue
204,204,255,Periwinkle
230,226,0,Peridot
183,104,162,Pearly Purple
136,216,192,Pearl Aqua
234,224,200,Pearl
209,226,49,Pear
250,223,173,Peach-Yellow
255,204,153,Peach-Orange
255,218,185,Peach Puff
255,203,164,Peach (Crayola)
255,229,180,Peach
83,104,120,Payne'S Grey
128,0,128,Patriarch
253,253,150,Pastel Yellow
203,153,201,Pastel Violet
255,105,97,Pastel Red
179,158,181,Pastel Purple
222,165,164,Pastel Pink
255,179,71,Pastel Orange
244,154,194,Pastel Magenta
119,221,119,Pastel Green
207,207,196,Pastel Gray
131,105,83,Pastel Brown
174,198,207,Pastel Blue
80,200,120,Paris Green
255,239,213,Papaya Whip
120,24,74,Pansy Purple
219,112,147,Pale Violet-Red
188,152,126,Pale Taupe
236,235,189,Pale Spring Bud
201,192,187,Pale Silver
150,222,209,Pale Robin Egg Blue
219,112,147,Pale Red-Violet
221,160,221,Pale Plum
250,218,221,Pale Pink
249,132,229,Pale Magenta
220,208,255,Pale Lavender
152,251,152,Pale Green
238,232,170,Pale Goldenrod
230,190,138,Pale Gold
171,205,239,Pale Cornflower Blue
218,138,103,Pale Copper
221,173,175,Pale Chestnut
155,196,226,Pale Cerulean
175,64,53,Pale Carmine
152,118,84,Pale Brown
175,238,238,Pale Blue
188,212,230,Pale Aqua
104,40,96,Palatinate Purple
39,59,226,Palatinate Blue
0,102,0,Pakistan Green
0,33,71,Oxford Blue
255,110,74,Outrageous Orange
65,74,76,Outer Space
153,0,0,Ou Crimson Red
101,67,33,Otter Brown
218,112,214,Orchid
255,69,0,Orange-Red
255,159,0,Orange Peel
255,165,0,Orange (Web Color)
251,153,2,Orange (Ryb)
255,127,0,Orange (Color Wheel)
183,132,167,Opera Mauve
53,56,57,Onyx
154,185,115,Olivine
107,142,35,Olive Drab (Web) (Olive Drab #3)
60,52,31,Olive Drab #7
128,128,0,Olive
192,128,129,Old Rose
103,49,71,Old Mauve
121,104,120,Old Lavender
253,245,230,Old Lace
207,181,59,Old Gold
0,128,0,Office Green
204,119,34,Ochre
0,119,190,Ocean Boat Blue
5,144,51,North Texas Green
164,221,237,Non-Photo Blue
215,131,127,New York Pink
57,255,20,Neon Green
254,65,100,Neon Fuchsia
255,163,67,Neon Carrot
0,0,128,Navy Blue
255,222,173,Navajo White
250,218,94,Naples Yellow
42,128,0,Napier Green
246,173,198,Nadeshiko Pink
33,66,30,Myrtle
255,219,88,Mustard
197,75,140,Mulberry
24,69,59,Msu Green
153,122,141,Mountbatten Pink
48,186,143,Mountain Meadow
173,223,173,Moss Green
174,12,0,Mordant Red 19
115,169,194,Moonstone Blue
150,113,23,Mode Beige
250,235,215,Moccasin
255,228,225,Misty Rose
152,255,152,Mint Green
245,255,250,Mint Cream
62,180,137,Mint
255,196,12,Mikado Yellow
0,73,83,Midnight Green (Eagle Green)
25,25,112,Midnight Blue
253,188,180,Melon
248,222,126,Mellow Yellow
248,184,120,Mellow Apricot
199,21,133,Medium Violet-Red
217,96,59,Medium Vermilion
121,68,59,Medium Tuscan Red
72,209,204,Medium Turquoise
103,76,71,Medium Taupe
0,250,154,Medium Spring Green
201,220,135,Medium Spring Bud
123,104,238,Medium Slate Blue
60,179,113,Medium Sea Green
170,64,105,Medium Ruby
187,51,133,Medium Red-Violet
147,112,219,Medium Purple
0,103,165,Medium Persian Blue
186,85,211,Medium Orchid
221,160,221,Medium Lavender Magenta
28,53,45,Medium Jungle Green
3,80,150,Medium Electric Blue
243,229,171,Medium Champagne
175,64,53,Medium Carmine
226,6,44,Medium Candy Apple Red
0,0,205,Medium Blue
102,221,170,Medium Aquamarine
229,183,59,Meat Brown
115,194,251,Maya Blue
239,152,170,Mauvelous
145,95,109,Mauve Taupe
224,176,255,Mauve
176,48,96,Maroon (X11)
128,0,0,Maroon (Html/Css)
195,33,72,Maroon (Crayola)
136,0,133,Mardi Gras
116,195,101,Mantis
255,130,67,Mango Tango
151,154,170,Manatee
11,218,81,Malachite
96,80,220,Majorelle Blue
251,236,93,Maize
192,64,0,Mahogany
248,244,255,Magnolia
170,240,209,Magic Mint
255,0,144,Magenta (Process)
202,31,123,Magenta (Dye)
255,0,255,Magenta
230,32,32,Lust
83,75,79,Liver
108,160,220,Little Boy Blue
193,154,107,Lion
250,240,230,Linen
25,89,5,Lincoln Green
157,194,9,Limerick
50,205,50,Lime Green
0,255,0,Lime (Web) (X11 Green)
191,255,0,Lime (Color Wheel)
200,162,200,Lilac
255,255,224,Light Yellow
230,143,172,Light Thulian Pink
179,139,109,Light Taupe
119,136,153,Light Slate Gray
135,206,250,Light Sky Blue
32,178,170,Light Sea Green
255,153,153,Light Salmon Pink
255,160,122,Light Salmon
233,116,81,Light Red Ochre
255,182,193,Light Pink
177,156,217,Light Pastel Purple
240,230,140,Light Khaki
144,238,144,Light Green
211,211,211,Light Gray
250,250,210,Light Goldenrod Yellow
249,132,239,Light Fuchsia Pink
224,255,255,Light Cyan
245,105,145,Light Crimson
147,204,234,Light Cornflower Blue
240,128,128,Light Coral
230,103,113,Light Carmine Pink
181,101,29,Light Brown
173,216,230,Light Blue
253,213,177,Light Apricot
26,17,16,Licorice
227,255,0,Lemon Lime
255,250,205,Lemon Chiffon
255,247,0,Lemon
124,252,0,Lawn Green
251,160,227,Lavender Rose
150,123,182,Lavender Purple
251,174,210,Lavender Pink
230,230,250,Lavender Mist
238,130,238,Lavender Magenta
148,87,235,Lavender Indigo
196,195,208,Lavender Gray
255,240,245,Lavender Blush
204,204,255,Lavender Blue
230,230,250,Lavender (Web)
181,126,220,Lavender (Floral)
207,16,32,Lava
169,186,157,Laurel Green
254,254,34,Laser Lemon
38,97,156,Lapis Lazuli
214,202,221,Languid Lavender
8,120,48,La Salle Green
232,0,13,Ku Crimson
240,230,140,Khaki (X11) (Light Khaki)
195,176,145,Khaki (Html/Css) (Khaki)
124,28,5,Kenyan Copper
76,187,23,Kelly Green
41,171,135,Jungle Green
189,218,87,June Bud
250,218,94,Jonquil
52,52,52,Jet
165,11,94,Jazzberry Jam
215,59,62,Jasper
248,222,126,Jasmine
0,168,107,Jade
255,255,240,Ivory
0,144,0,Islamic Green
244,240,236,Isabelline
90,79,207,Iris
192,54,44,International Orange (Golden Gate Bridge)
186,22,12,International Orange (Engineering)
255,79,0,International Orange (Aerospace)
0,47,167,International Klein Blue
75,0,130,Indigo (Web)
0,65,106,Indigo (Dye)
111,0,255,Indigo
227,168,87,Indian Yellow
205,92,92,Indian Red
19,136,8,India Green
178,236,93,Inchworm
0,35,149,Imperial Blue
252,247,94,Icterine
113,166,210,Iceberg
53,94,59,Hunter Green
255,105,180,Hot Pink
255,29,206,Hot Magenta
73,121,107,Hooker'S Green
0,127,191,Honolulu Blue
240,255,240,Honeydew
244,0,161,Hollywood Cerise
223,115,255,Heliotrope
128,128,0,Heart Gold
218,145,0,Harvest Gold
201,0,22,Harvard Crimson
63,255,0,Harlequin
233,214,107,Hansa Yellow
82,24,250,Han Purple
68,108,207,Han Blue
102,56,84,Halayà úBe
0,255,127,Guppie Green
169,154,134,Grullo
173,255,47,Green-Yellow
102,176,50,Green (Ryb)
0,165,80,Green (Pigment)
0,159,107,Green (Ncs)
0,168,119,Green (Munsell)
0,128,0,Green (Html/Css Green)
28,172,120,Green (Crayola)
0,255,0,Green (Color Wheel) (X11 Green)
70,89,69,Gray-Asparagus
190,190,190,Gray (X11 Gray)
128,128,128,Gray (Html/Css Gray)
128,128,128,Gray
168,228,160,Granny Smith Apple
218,165,32,Goldenrod
255,223,0,Golden Yellow
252,194,0,Golden Poppy
153,101,21,Golden Brown
255,215,0,Gold (Web) (Golden)
212,175,55,Gold (Metallic)
230,232,250,Glitter
96,130,182,Glaucous
176,101,0,Ginger
248,248,255,Ghost White
228,155,15,Gamboge
220,220,220,Gainsboro
204,102,102,Fuzzy Wuzzy
228,132,0,Fulvous
199,67,117,Fuchsia Rose
255,119,255,Fuchsia Pink
193,84,193,Fuchsia (Crayola)
255,0,255,Fuchsia
246,74,138,French Rose
199,44,72,French Raspberry
204,255,0,French Lime
134,96,142,French Lilac
0,114,187,French Blue
166,123,91,French Beige
34,139,34,Forest Green (Web)
1,68,33,Forest Green (Traditional)
255,0,79,Folly
204,255,0,Fluorescent Yellow
255,20,147,Fluorescent Pink
255,191,0,Fluorescent Orange
255,250,240,Floral White
238,220,130,Flax
247,233,142,Flavescent
252,142,172,Flamingo Pink
226,88,34,Flame
178,34,34,Firebrick
206,32,41,Fire Engine Red
108,84,30,Field Drab
255,40,0,Ferrari Red
79,121,66,Fern Green
77,93,83,Feldgrau
229,170,112,Fawn
244,0,161,Fashion Fuchsia
181,51,137,Fandango
128,24,24,Falu Red
193,154,107,Fallow
150,200,162,Eton Blue
180,131,149,English Lavender
80,200,120,Emerald
255,255,0,Electric Yellow
143,0,255,Electric Violet
63,0,255,Electric Ultramarine
191,0,255,Electric Purple
204,255,0,Electric Lime
244,187,255,Electric Lavender
111,0,255,Electric Indigo
0,255,0,Electric Green
0,255,255,Electric Cyan
255,0,63,Electric Crimson
125,249,255,Electric Blue
16,52,166,Egyptian Blue
240,234,214,Eggshell
97,64,81,Eggplant
194,178,128,Ecru
85,93,80,Ebony
225,169,95,Earth Yellow
0,0,156,Duke Blue
150,113,23,Drab
133,187,101,Dollar Bill
215,24,104,Dogwood Rose
30,144,255,Dodger Blue
105,105,105,Dim Gray
237,201,175,Desert Sand
193,154,107,Desert
21,96,189,Denim
102,66,77,Deep Tuscan Red
0,191,255,Deep Sky Blue
255,153,51,Deep Saffron
132,63,91,Deep Ruby
255,20,147,Deep Pink
255,203,164,Deep Peach
204,0,204,Deep Magenta
153,85,187,Deep Lilac
0,75,73,Deep Jungle Green
193,84,193,Deep Fuchsia
112,66,65,Deep Coffee
185,78,72,Deep Chestnut
250,214,165,Deep Champagne
218,50,135,Deep Cerise
233,105,44,Deep Carrot Orange
239,48,56,Deep Carmine Pink
169,32,62,Deep Carmine
215,10,83,Debian Red
85,85,85,Davy'S Grey
0,112,60,Dartmouth Green
155,135,12,Dark Yellow
148,0,211,Dark Violet
0,206,209,Dark Turquoise
204,78,92,Dark Terra Cotta
72,60,50,Dark Taupe
255,168,18,Dark Tangerine
145,129,81,Dark Tan
23,114,69,Dark Spring Green
47,79,79,Dark Slate Gray
72,61,139,Dark Slate Blue
60,20,20,Dark Sienna
143,188,143,Dark Sea Green
86,3,25,Dark Scarlet
233,150,122,Dark Salmon
139,0,0,Dark Red
135,38,87,Dark Raspberry
0,51,153,Dark Powder Blue
231,84,128,Dark Pink
194,59,34,Dark Pastel Red
150,111,214,Dark Pastel Purple
3,192,60,Dark Pastel Green
119,158,203,Dark Pastel Blue
153,50,204,Dark Orchid
255,140,0,Dark Orange
85,107,47,Dark Olive Green
0,51,102,Dark Midnight Blue
139,0,139,Dark Magenta
115,79,150,Dark Lavender
72,60,50,Dark Lava
189,183,107,Dark Khaki
26,36,33,Dark Jungle Green
0,65,106,Dark Imperial Blue
1,50,32,Dark Green
169,169,169,Dark Gray
184,134,11,Dark Goldenrod
83,104,120,Dark Electric Blue
0,139,139,Dark Cyan
205,91,69,Dark Coral
152,105,96,Dark Chestnut
8,69,126,Dark Cerulean
164,0,0,Dark Candy Apple Red
93,57,84,Dark Byzantium
101,67,33,Dark Brown
0,0,139,Dark Blue
240,225,48,Dandelion
255,255,49,Daffodil
0,183,235,Cyan (Process)
0,255,255,Cyan
190,0,50,Crimson Glory
220,20,60,Crimson
255,253,208,Cream
255,188,217,Cotton Candy
255,248,231,Cosmic Latte
255,248,220,Cornsilk
100,149,237,Cornflower Blue
179,27,27,Cornell Red
251,236,93,Corn
137,63,69,Cordovan
255,64,64,Coral Red
248,131,121,Coral Pink
255,127,80,Coral
255,56,0,Coquelicot
153,102,102,Copper Rose
203,109,81,Copper Red
173,111,105,Copper Penny
218,138,103,Copper (Crayola)
184,115,51,Copper
140,146,172,Cool Grey
0,46,99,Cool Black
248,131,121,Congo Pink
155,221,255,Columbia Blue
111,78,55,Coffee
210,105,30,Cocoa Brown
0,71,171,Cobalt
251,204,231,Classic Rose
228,208,10,Citrine
210,105,30,Cinnamon
227,66,52,Cinnabar
152,129,123,Cinereous
255,167,0,Chrome Yellow
210,105,30,Chocolate (Web)
123,63,0,Chocolate (Traditional)
170,56,30,Chinese Red
168,81,110,China Rose
222,111,161,China Pink
205,92,92,Chestnut
255,183,197,Cherry Blossom Pink
222,49,99,Cherry
127,255,0,Chartreuse (Web)
223,255,0,Chartreuse (Traditional)
230,143,172,Charm Pink
54,69,79,Charcoal
250,214,165,Champagne
160,120,90,Chamoisee
224,60,49,Cg Red
0,122,165,Cg Blue
109,155,195,Cerulean Frost
42,82,190,Cerulean Blue
0,123,167,Cerulean
236,59,131,Cerise Pink
222,49,99,Cerise
73,151,208,Celestial Blue
178,255,255,Celeste (Colour)
47,132,124,Celadon Green
0,123,167,Celadon Blue
172,225,175,Celadon
146,161,207,Ceil
6,42,120,Catalina Blue
237,145,33,Carrot Orange
153,186,221,Carolina Blue
179,27,27,Carnelian
255,166,201,Carnation Pink
255,0,56,Carmine Red
235,76,66,Carmine Pink
215,0,64,Carmine (M&P)
150,0,24,Carmine
0,204,153,Caribbean Green
196,30,58,Cardinal
89,39,32,Caput Mortuum
0,191,255,Capri
228,113,122,Candy Pink
255,8,0,Candy Apple Red
255,239,0,Canary Yellow
120,134,107,Camouflage Green
239,187,204,Cameo Pink
193,154,107,Camel
163,193,173,Cambridge Blue
30,77,43,Cal Poly Green
75,54,33,Café Noir
166,123,91,Café Au Lait
255,246,0,Cadmium Yellow
227,0,34,Cadmium Red
237,135,45,Cadmium Orange
0,107,60,Cadmium Green
145,163,176,Cadet Grey
95,158,160,Cadet Blue
83,104,114,Cadet
112,41,99,Byzantium
189,51,164,Byzantine
138,51,36,Burnt Umber
233,116,81,Burnt Sienna
204,85,0,Burnt Orange
222,184,135,Burlywood
128,0,32,Burgundy
72,6,7,Bulgarian Rose
240,220,130,Buff
231,254,255,Bubbles
255,193,204,Bubble Gum
165,42,42,Brown (Web)
150,75,0,Brown (Traditional)
205,127,50,Bronze
0,66,37,British Racing Green
251,96,127,Brink Pink
255,85,163,Brilliant Rose
244,187,255,Brilliant Lavender
209,159,232,Bright Ube
8,232,222,Bright Turquoise
255,0,127,Bright Pink
195,33,72,Bright Maroon
191,148,228,Bright Lavender
102,255,0,Bright Green
29,172,214,Bright Cerulean
203,65,84,Brick Red
181,166,66,Brass
0,112,255,Brandeis Blue
135,50,96,Boysenberry
0,106,78,Bottle Green
204,0,0,Boston University Red
227,218,201,Bone
0,149,182,Bondi Blue
121,68,59,Bole
222,93,131,Blush
138,43,226,Blue-Violet
13,152,186,Blue-Green
18,97,128,Blue Sapphire
102,153,204,Blue Gray
162,162,208,Blue Bell
2,71,254,Blue (Ryb)
51,51,153,Blue (Pigment)
0,135,189,Blue (Ncs)
0,147,175,Blue (Munsell)
31,117,254,Blue (Crayola)
0,0,255,Blue
250,240,190,Blond
172,229,238,Blizzard Blue
49,140,231,Bleu De France
165,113,100,Blast-Off Bronze
255,235,205,Blanched Almond
59,60,54,Black Olive
37,53,41,Black Leather Jacket
61,12,2,Black Bean
0,0,0,Black
191,79,81,Bittersweet Shimmer
254,111,94,Bittersweet
61,43,31,Bistre
255,228,196,Bisque
156,37,66,Big Dip O’Ruby
245,245,220,Beige
159,129,112,Beaver
188,212,230,Beau Blue
152,119,123,Bazaar
132,132,130,Battleship Grey
124,10,2,Barn Red
255,225,53,Banana Yellow
250,231,181,Banana Mania
33,171,205,Ball Blue
244,194,194,Baby Pink
161,202,241,Baby Blue Eyes
137,207,240,Baby Blue
240,255,255,Azure Mist/Web
0,127,255,Azure
86,130,3,Avocado
110,127,128,Aurometalsaurus
253,238,0,Aureolin
165,42,42,Auburn
255,153,102,Atomic Tangerine
135,169,107,Asparagus
178,190,181,Ash Grey
233,214,107,Arylide Yellow
59,68,75,Arsenic
75,83,32,Army Green
127,255,212,Aquamarine
0,255,255,Aqua
251,206,177,Apricot
141,182,0,Apple Green
0,128,0,Ao (English)
250,235,215,Antique White
132,27,45,Antique Ruby
145,92,131,Antique Fuchsia
205,149,117,Antique Brass
242,243,244,Anti-Flash White
164,198,57,Android Green
153,102,204,Amethyst
255,3,62,American Rose
255,126,0,Amber (Sae/Ece)
255,191,0,Amber
229,43,80,Amaranth
239,222,205,Almond
196,98,16,Alloy Orange
227,38,54,Alizarin Crimson
240,248,255,Alice Blue
163,38,56,Alabama Crimson
114,160,193,Air Superiority Blue
0,48,143,Air Force Blue (Usaf)
93,138,168,Air Force Blue (Raf)
